,Fav genre
0,8.0
1,8.0
2,4.0
3,8.0
4,9.0
5,8.0
6,1.0
7,4.0
8,8.0
9,1.0
10,4.0
11,2.0
12,4.0
13,6.0
14,4.0
15,2.0
16,3.0
17,2.0
18,10.0
19,11.0
20,4.0
21,4.0
22,12.0
23,9.0
24,9.0
25,9.0
26,6.0
27,11.0
28,13.0
29,6.0
30,4.0
31,4.0
32,4.0
33,4.0
34,6.0
35,0.0
36,11.0
37,2.0
38,3.0
39,0.0
40,4.0
41,4.0
42,10.0
43,4.0
44,2.0
45,11.0
46,4.0
47,10.0
48,12.0
49,5.0
50,4.0
51,8.0
52,7.0
53,10.0
54,8.0
55,0.0
56,6.0
57,4.0
58,9.0
59,4.0
60,11.0
61,4.0
62,8.0
63,0.0
64,8.0
65,0.0
66,4.0
67,4.0
68,10.0
69,3.0
70,8.0
71,4.0
72,10.0
73,4.0
74,8.0
75,4.0
76,14.0
77,4.0
78,4.0
79,15.0
80,4.0
81,8.0
82,12.0
83,12.0
84,11.0
85,2.0
86,11.0
87,12.0
88,10.0
89,2.0
90,11.0
91,14.0
92,1.0
93,8.0
94,4.0
95,4.0
96,3.0
97,12.0
98,8.0
99,8.0
100,10.0
101,5.0
102,6.0
103,9.0
104,11.0
105,9.0
106,4.0
107,10.0
108,4.0
109,8.0
110,8.0
111,4.0
112,4.0
113,7.0
114,4.0
115,8.0
116,9.0
117,12.0
118,5.0
119,11.0
120,13.0
121,4.0
122,6.0
123,7.0
124,0.0
125,0.0
126,4.0
127,0.0
128,0.0
129,11.0
130,8.0
131,0.0
132,8.0
133,5.0
134,4.0
135,2.0
136,8.0
137,11.0
138,4.0
139,5.0
140,10.0
141,15.0
142,7.0
143,11.0
144,1.0
145,4.0
146,7.0
147,10.0
148,3.0
149,11.0
150,4.0
151,4.0
152,0.0
153,3.0
154,4.0
155,4.0
156,4.0
157,10.0
158,8.0
159,9.0
160,5.0
161,7.0
162,12.0
163,4.0
164,4.0
165,4.0
166,11.0
167,7.0
168,8.0
169,7.0
170,9.0
171,2.0
172,6.0
173,4.0
174,2.0
175,14.0
176,4.0
177,4.0
178,4.0
179,7.0
180,4.0
181,10.0
182,4.0
183,4.0
184,1.0
185,8.0
186,0.0
187,11.0
188,7.0
189,11.0
190,9.0
191,11.0
192,11.0
193,11.0
194,12.0
195,1.0
196,4.0
197,8.0
198,11.0
199,4.0
200,4.0
201,7.0
202,4.0
203,8.0
204,4.0
205,4.0
206,8.0
207,8.0
208,10.0
209,11.0
210,11.0
211,4.0
212,6.0
213,4.0
214,6.0
215,5.0
216,6.0
217,5.0
218,0.0
219,4.0
220,11.0
221,0.0
222,11.0
223,8.0
224,11.0
225,4.0
226,4.0
227,11.0
228,11.0
229,8.0
230,8.0
231,10.0
232,8.0
233,4.0
234,9.0
235,10.0
236,4.0
237,8.0
238,8.0
239,11.0
240,11.0
241,10.0
242,8.0
243,8.0
244,8.0
245,4.0
246,4.0
247,5.0
248,8.0
249,8.0
250,2.0
251,4.0
252,9.0
253,7.0
254,2.0
255,8.0
256,4.0
257,5.0
258,3.0
259,7.0
260,5.0
261,9.0
262,4.0
263,8.0
264,11.0
265,6.0
266,11.0
267,8.0
268,11.0
269,8.0
270,9.0
271,11.0
272,6.0
273,8.0
274,8.0
275,4.0
276,4.0
277,2.0
278,13.0
279,4.0
280,4.0
281,13.0
282,4.0
283,6.0
284,8.0
285,4.0
286,3.0
287,4.0
288,8.0
289,10.0
290,11.0
291,4.0
292,4.0
293,6.0
294,6.0
295,6.0
296,8.0
297,6.0
298,2.0
299,7.0
300,8.0
301,0.0
302,2.0
303,8.0
304,8.0
305,11.0
306,7.0
307,11.0
308,8.0
309,8.0
310,5.0
311,9.0
312,8.0
313,3.0
314,4.0
315,4.0
316,8.0
317,4.0
318,11.0
319,5.0
320,0.0
321,4.0
322,4.0
323,5.0
324,4.0
325,6.0
326,1.0
327,10.0
328,4.0
329,3.0
330,11.0
331,10.0
332,4.0
333,10.0
334,0.0
335,4.0
336,8.0
337,6.0
338,8.0
339,8.0
340,11.0
341,11.0
342,8.0
343,4.0
344,12.0
345,4.0
346,8.0
347,4.0
348,2.0
349,3.0
350,12.0
351,4.0
352,11.0
353,14.0
354,11.0
355,4.0
356,7.0
357,12.0
358,4.0
359,1.0
360,8.0
361,1.0
362,0.0
363,4.0
364,5.0
365,4.0
366,7.0
367,4.0
368,11.0
369,8.0
370,7.0
371,8.0
372,10.0
373,0.0
374,4.0
375,2.0
376,4.0
377,11.0
378,4.0
379,6.0
380,8.0
381,11.0
382,10.0
383,7.0
384,4.0
385,7.0
386,10.0
387,11.0
388,0.0
389,4.0
390,1.0
391,13.0
392,12.0
393,8.0
394,5.0
395,8.0
396,11.0
397,11.0
398,4.0
399,9.0
400,4.0
401,4.0
402,11.0
403,2.0
404,8.0
405,2.0
406,10.0
407,4.0
408,0.0
409,13.0
410,0.0
411,7.0
412,11.0
413,3.0
414,4.0
415,6.0
416,1.0
417,4.0
418,10.0
419,4.0
420,4.0
421,0.0
422,11.0
423,4.0
424,6.0
425,6.0
426,10.0
427,8.0
428,4.0
429,8.0
430,11.0
431,0.0
432,0.0
433,8.0
434,7.0
435,4.0
436,10.0
437,12.0
438,8.0
439,8.0
440,4.0
441,11.0
442,0.0
443,0.0
444,11.0
445,10.0
446,4.0
447,12.0
448,12.0
449,4.0
450,5.0
451,8.0
452,4.0
453,11.0
454,5.0
455,6.0
456,0.0
457,8.0
458,11.0
459,1.0
460,7.0
461,4.0
462,8.0
463,2.0
464,4.0
465,4.0
466,4.0
467,1.0
468,11.0
469,6.0
470,2.0
471,8.0
472,7.0
473,4.0
474,13.0
475,10.0
476,12.0
477,1.0
478,8.0
479,0.0
480,4.0
481,11.0
482,12.0
483,8.0
484,14.0
485,0.0
486,7.0
487,4.0
488,3.0
489,10.0
490,0.0
491,6.0
492,8.0
493,13.0
494,4.0
495,2.0
496,10.0
497,4.0
498,3.0
499,4.0
500,11.0
501,8.0
502,4.0
503,6.0
504,11.0
505,11.0
506,8.0
507,8.0
508,0.0
509,8.0
510,8.0
511,10.0
512,12.0
513,4.0
514,4.0
515,1.0
516,4.0
517,4.0
518,10.0
519,2.0
520,2.0
521,11.0
522,8.0
523,12.0
524,4.0
525,4.0
526,4.0
527,3.0
528,4.0
529,11.0
530,11.0
531,4.0
532,5.0
533,7.0
534,10.0
535,11.0
536,8.0
537,4.0
538,12.0
539,9.0
540,4.0
541,10.0
542,2.0
543,4.0
544,4.0
545,7.0
546,8.0
547,8.0
548,4.0
549,2.0
550,6.0
551,7.0
552,4.0
553,10.0
554,5.0
555,4.0
556,12.0
557,2.0
558,3.0
559,8.0
560,0.0
561,11.0
562,10.0
563,10.0
564,1.0
565,0.0
566,10.0
567,2.0
568,3.0
569,4.0
570,3.0
571,10.0
572,12.0
573,0.0
574,10.0
575,11.0
576,11.0
577,8.0
578,8.0
579,11.0
580,4.0
581,4.0
582,0.0
583,0.0
584,0.0
585,0.0
586,0.0
587,0.0
588,0.0
589,0.0
590,0.0
591,0.0
592,0.0
593,0.0
594,0.0
595,0.0
596,0.0
597,0.0
598,0.0
599,0.0
600,0.0
601,0.0
602,0.0
603,0.0
604,0.0
605,0.0
606,0.0
607,0.0
608,0.0
609,0.0
610,0.0
611,0.0
612,0.0
613,0.0
614,0.0
615,0.0
616,0.0
617,0.0
618,0.0
619,0.0
620,0.0
621,0.0
622,0.0
623,0.0
624,0.0
625,0.0
626,0.0
627,0.0
628,0.0
629,0.0
630,0.0
631,0.0
632,0.0
633,0.0
634,0.0
635,0.0
636,0.0
637,0.0
638,0.0
639,0.0
640,0.0
641,0.0
642,0.0
643,0.0
644,0.0
645,0.0
646,0.0
647,0.0
648,0.0
649,0.0
650,0.0
651,0.0
652,0.0
653,0.0
654,0.0
655,0.0
656,0.0
657,0.0
658,0.0
659,0.0
660,0.0
661,0.0
662,0.0
663,0.0
664,0.0
665,0.0
666,0.0
667,0.0
668,0.0
669,0.0
670,0.0
671,0.0
672,0.0
673,0.0
674,0.0
675,0.0
676,0.0
677,0.0
678,0.0
679,0.0
680,0.0
681,0.0
682,0.0
683,0.0
684,0.0
685,0.0
686,0.0
687,0.0
688,0.0
689,0.0
690,0.0
691,0.0
692,0.0
693,0.0
694,0.0
695,0.0
696,1.0
697,1.0
698,1.0
699,1.0
700,1.0
701,1.0
702,1.0
703,1.0
704,1.0
705,1.0
706,1.0
707,1.0
708,1.0
709,1.0
710,1.0
711,1.0
712,1.0
713,1.0
714,1.0
715,1.0
716,1.0
717,1.0
718,1.0
719,1.0
720,1.0
721,1.0
722,1.0
723,1.0
724,1.0
725,1.0
726,1.0
727,1.0
728,1.0
729,1.0
730,1.0
731,1.0
732,1.0
733,1.0
734,1.0
735,1.0
736,1.0
737,1.0
738,1.0
739,1.0
740,1.0
741,1.0
742,1.0
743,1.0
744,1.0
745,1.0
746,1.0
747,1.0
748,1.0
749,1.0
750,1.0
751,1.0
752,1.0
753,1.0
754,1.0
755,1.0
756,1.0
757,1.0
758,1.0
759,1.0
760,1.0
761,1.0
762,1.0
763,1.0
764,1.0
765,1.0
766,1.0
767,1.0
768,1.0
769,1.0
770,1.0
771,1.0
772,1.0
773,1.0
774,1.0
775,1.0
776,1.0
777,1.0
778,1.0
779,1.0
780,1.0
781,1.0
782,1.0
783,1.0
784,1.0
785,1.0
786,1.0
787,1.0
788,1.0
789,1.0
790,1.0
791,1.0
792,1.0
793,1.0
794,1.0
795,1.0
796,1.0
797,1.0
798,1.0
799,1.0
800,1.0
801,1.0
802,1.0
803,1.0
804,1.0
805,1.0
806,1.0
807,1.0
808,1.0
809,1.0
810,1.0
811,1.0
812,1.0
813,1.0
814,1.0
815,1.0
816,1.0
817,1.0
818,1.0
819,1.0
820,1.0
821,1.0
822,1.0
823,1.0
824,1.0
825,1.0
826,1.0
827,1.0
828,1.0
829,2.0
830,2.0
831,2.0
832,2.0
833,2.0
834,2.0
835,2.0
836,2.0
837,2.0
838,2.0
839,2.0
840,2.0
841,2.0
842,2.0
843,2.0
844,2.0
845,2.0
846,2.0
847,2.0
848,2.0
849,2.0
850,2.0
851,2.0
852,2.0
853,2.0
854,2.0
855,2.0
856,2.0
857,2.0
858,2.0
859,2.0
860,2.0
861,2.0
862,2.0
863,2.0
864,2.0
865,2.0
866,2.0
867,2.0
868,2.0
869,2.0
870,2.0
871,2.0
872,2.0
873,2.0
874,2.0
875,2.0
876,2.0
877,2.0
878,2.0
879,2.0
880,2.0
881,2.0
882,2.0
883,2.0
884,2.0
885,2.0
886,2.0
887,2.0
888,2.0
889,2.0
890,2.0
891,2.0
892,2.0
893,2.0
894,2.0
895,2.0
896,2.0
897,2.0
898,2.0
899,2.0
900,2.0
901,2.0
902,2.0
903,2.0
904,2.0
905,2.0
906,2.0
907,2.0
908,2.0
909,2.0
910,2.0
911,2.0
912,2.0
913,2.0
914,2.0
915,2.0
916,2.0
917,2.0
918,2.0
919,2.0
920,2.0
921,2.0
922,2.0
923,2.0
924,2.0
925,2.0
926,2.0
927,2.0
928,2.0
929,2.0
930,2.0
931,2.0
932,2.0
933,2.0
934,2.0
935,2.0
936,2.0
937,2.0
938,2.0
939,2.0
940,2.0
941,2.0
942,2.0
943,2.0
944,2.0
945,2.0
946,2.0
947,2.0
948,2.0
949,2.0
950,3.0
951,3.0
952,3.0
953,3.0
954,3.0
955,3.0
956,3.0
957,3.0
958,3.0
959,3.0
960,3.0
961,3.0
962,3.0
963,3.0
964,3.0
965,3.0
966,3.0
967,3.0
968,3.0
969,3.0
970,3.0
971,3.0
972,3.0
973,3.0
974,3.0
975,3.0
976,3.0
977,3.0
978,3.0
979,3.0
980,3.0
981,3.0
982,3.0
983,3.0
984,3.0
985,3.0
986,3.0
987,3.0
988,3.0
989,3.0
990,3.0
991,3.0
992,3.0
993,3.0
994,3.0
995,3.0
996,3.0
997,3.0
998,3.0
999,3.0
1000,3.0
1001,3.0
1002,3.0
1003,3.0
1004,3.0
1005,3.0
1006,3.0
1007,3.0
1008,3.0
1009,3.0
1010,3.0
1011,3.0
1012,3.0
1013,3.0
1014,3.0
1015,3.0
1016,3.0
1017,3.0
1018,3.0
1019,3.0
1020,3.0
1021,3.0
1022,3.0
1023,3.0
1024,3.0
1025,3.0
1026,3.0
1027,3.0
1028,3.0
1029,3.0
1030,3.0
1031,3.0
1032,3.0
1033,3.0
1034,3.0
1035,3.0
1036,3.0
1037,3.0
1038,3.0
1039,3.0
1040,3.0
1041,3.0
1042,3.0
1043,3.0
1044,3.0
1045,3.0
1046,3.0
1047,3.0
1048,3.0
1049,3.0
1050,3.0
1051,3.0
1052,3.0
1053,3.0
1054,3.0
1055,3.0
1056,3.0
1057,3.0
1058,3.0
1059,3.0
1060,3.0
1061,3.0
1062,3.0
1063,3.0
1064,3.0
1065,3.0
1066,3.0
1067,3.0
1068,3.0
1069,3.0
1070,3.0
1071,3.0
1072,3.0
1073,3.0
1074,3.0
1075,3.0
1076,3.0
1077,3.0
1078,3.0
1079,3.0
1080,3.0
1081,5.0
1082,5.0
1083,5.0
1084,5.0
1085,5.0
1086,5.0
1087,5.0
1088,5.0
1089,5.0
1090,5.0
1091,5.0
1092,5.0
1093,5.0
1094,5.0
1095,5.0
1096,5.0
1097,5.0
1098,5.0
1099,5.0
1100,5.0
1101,5.0
1102,5.0
1103,5.0
1104,5.0
1105,5.0
1106,5.0
1107,5.0
1108,5.0
1109,5.0
1110,5.0
1111,5.0
1112,5.0
1113,5.0
1114,5.0
1115,5.0
1116,5.0
1117,5.0
1118,5.0
1119,5.0
1120,5.0
1121,5.0
1122,5.0
1123,5.0
1124,5.0
1125,5.0
1126,5.0
1127,5.0
1128,5.0
1129,5.0
1130,5.0
1131,5.0
1132,5.0
1133,5.0
1134,5.0
1135,5.0
1136,5.0
1137,5.0
1138,5.0
1139,5.0
1140,5.0
1141,5.0
1142,5.0
1143,5.0
1144,5.0
1145,5.0
1146,5.0
1147,5.0
1148,5.0
1149,5.0
1150,5.0
1151,5.0
1152,5.0
1153,5.0
1154,5.0
1155,5.0
1156,5.0
1157,5.0
1158,5.0
1159,5.0
1160,5.0
1161,5.0
1162,5.0
1163,5.0
1164,5.0
1165,5.0
1166,5.0
1167,5.0
1168,5.0
1169,5.0
1170,5.0
1171,5.0
1172,5.0
1173,5.0
1174,5.0
1175,5.0
1176,5.0
1177,5.0
1178,5.0
1179,5.0
1180,5.0
1181,5.0
1182,5.0
1183,5.0
1184,5.0
1185,5.0
1186,5.0
1187,5.0
1188,5.0
1189,5.0
1190,5.0
1191,5.0
1192,5.0
1193,5.0
1194,5.0
1195,5.0
1196,5.0
1197,5.0
1198,5.0
1199,5.0
1200,5.0
1201,5.0
1202,5.0
1203,5.0
1204,5.0
1205,5.0
1206,5.0
1207,5.0
1208,5.0
1209,5.0
1210,6.0
1211,6.0
1212,6.0
1213,6.0
1214,6.0
1215,6.0
1216,6.0
1217,6.0
1218,6.0
1219,6.0
1220,6.0
1221,6.0
1222,6.0
1223,6.0
1224,6.0
1225,6.0
1226,6.0
1227,6.0
1228,6.0
1229,6.0
1230,6.0
1231,6.0
1232,6.0
1233,6.0
1234,6.0
1235,6.0
1236,6.0
1237,6.0
1238,6.0
1239,6.0
1240,6.0
1241,6.0
1242,6.0
1243,6.0
1244,6.0
1245,6.0
1246,6.0
1247,6.0
1248,6.0
1249,6.0
1250,6.0
1251,6.0
1252,6.0
1253,6.0
1254,6.0
1255,6.0
1256,6.0
1257,6.0
1258,6.0
1259,6.0
1260,6.0
1261,6.0
1262,6.0
1263,6.0
1264,6.0
1265,6.0
1266,6.0
1267,6.0
1268,6.0
1269,6.0
1270,6.0
1271,6.0
1272,6.0
1273,6.0
1274,6.0
1275,6.0
1276,6.0
1277,6.0
1278,6.0
1279,6.0
1280,6.0
1281,6.0
1282,6.0
1283,6.0
1284,6.0
1285,6.0
1286,6.0
1287,6.0
1288,6.0
1289,6.0
1290,6.0
1291,6.0
1292,6.0
1293,6.0
1294,6.0
1295,6.0
1296,6.0
1297,6.0
1298,6.0
1299,6.0
1300,6.0
1301,6.0
1302,6.0
1303,6.0
1304,6.0
1305,6.0
1306,6.0
1307,6.0
1308,6.0
1309,6.0
1310,6.0
1311,6.0
1312,6.0
1313,6.0
1314,6.0
1315,6.0
1316,6.0
1317,6.0
1318,6.0
1319,6.0
1320,6.0
1321,6.0
1322,6.0
1323,6.0
1324,6.0
1325,6.0
1326,6.0
1327,6.0
1328,6.0
1329,6.0
1330,7.0
1331,7.0
1332,7.0
1333,7.0
1334,7.0
1335,7.0
1336,7.0
1337,7.0
1338,7.0
1339,7.0
1340,7.0
1341,7.0
1342,7.0
1343,7.0
1344,7.0
1345,7.0
1346,7.0
1347,7.0
1348,7.0
1349,7.0
1350,7.0
1351,7.0
1352,7.0
1353,7.0
1354,7.0
1355,7.0
1356,7.0
1357,7.0
1358,7.0
1359,7.0
1360,7.0
1361,7.0
1362,7.0
1363,7.0
1364,7.0
1365,7.0
1366,7.0
1367,7.0
1368,7.0
1369,7.0
1370,7.0
1371,7.0
1372,7.0
1373,7.0
1374,7.0
1375,7.0
1376,7.0
1377,7.0
1378,7.0
1379,7.0
1380,7.0
1381,7.0
1382,7.0
1383,7.0
1384,7.0
1385,7.0
1386,7.0
1387,7.0
1388,7.0
1389,7.0
1390,7.0
1391,7.0
1392,7.0
1393,7.0
1394,7.0
1395,7.0
1396,7.0
1397,7.0
1398,7.0
1399,7.0
1400,7.0
1401,7.0
1402,7.0
1403,7.0
1404,7.0
1405,7.0
1406,7.0
1407,7.0
1408,7.0
1409,7.0
1410,7.0
1411,7.0
1412,7.0
1413,7.0
1414,7.0
1415,7.0
1416,7.0
1417,7.0
1418,7.0
1419,7.0
1420,7.0
1421,7.0
1422,7.0
1423,7.0
1424,7.0
1425,7.0
1426,7.0
1427,7.0
1428,7.0
1429,7.0
1430,7.0
1431,7.0
1432,7.0
1433,7.0
1434,7.0
1435,7.0
1436,7.0
1437,7.0
1438,7.0
1439,7.0
1440,7.0
1441,7.0
1442,7.0
1443,7.0
1444,7.0
1445,7.0
1446,7.0
1447,7.0
1448,7.0
1449,7.0
1450,7.0
1451,8.0
1452,8.0
1453,8.0
1454,8.0
1455,8.0
1456,8.0
1457,8.0
1458,8.0
1459,8.0
1460,8.0
1461,8.0
1462,8.0
1463,8.0
1464,8.0
1465,8.0
1466,8.0
1467,8.0
1468,8.0
1469,8.0
1470,8.0
1471,8.0
1472,8.0
1473,8.0
1474,8.0
1475,8.0
1476,8.0
1477,8.0
1478,8.0
1479,8.0
1480,8.0
1481,8.0
1482,8.0
1483,8.0
1484,8.0
1485,8.0
1486,8.0
1487,8.0
1488,8.0
1489,8.0
1490,8.0
1491,8.0
1492,8.0
1493,8.0
1494,8.0
1495,8.0
1496,8.0
1497,8.0
1498,8.0
1499,8.0
1500,8.0
1501,8.0
1502,8.0
1503,8.0
1504,8.0
1505,8.0
1506,8.0
1507,8.0
1508,8.0
1509,9.0
1510,9.0
1511,9.0
1512,9.0
1513,9.0
1514,9.0
1515,9.0
1516,9.0
1517,9.0
1518,9.0
1519,9.0
1520,9.0
1521,9.0
1522,9.0
1523,9.0
1524,9.0
1525,9.0
1526,9.0
1527,9.0
1528,9.0
1529,9.0
1530,9.0
1531,9.0
1532,9.0
1533,9.0
1534,9.0
1535,9.0
1536,9.0
1537,9.0
1538,9.0
1539,9.0
1540,9.0
1541,9.0
1542,9.0
1543,9.0
1544,9.0
1545,9.0
1546,9.0
1547,9.0
1548,9.0
1549,9.0
1550,9.0
1551,9.0
1552,9.0
1553,9.0
1554,9.0
1555,9.0
1556,9.0
1557,9.0
1558,9.0
1559,9.0
1560,9.0
1561,9.0
1562,9.0
1563,9.0
1564,9.0
1565,9.0
1566,9.0
1567,9.0
1568,9.0
1569,9.0
1570,9.0
1571,9.0
1572,9.0
1573,9.0
1574,9.0
1575,9.0
1576,9.0
1577,9.0
1578,9.0
1579,9.0
1580,9.0
1581,9.0
1582,9.0
1583,9.0
1584,9.0
1585,9.0
1586,9.0
1587,9.0
1588,9.0
1589,9.0
1590,9.0
1591,9.0
1592,9.0
1593,9.0
1594,9.0
1595,9.0
1596,9.0
1597,9.0
1598,9.0
1599,9.0
1600,9.0
1601,9.0
1602,9.0
1603,9.0
1604,9.0
1605,9.0
1606,9.0
1607,9.0
1608,9.0
1609,9.0
1610,9.0
1611,9.0
1612,9.0
1613,9.0
1614,9.0
1615,9.0
1616,9.0
1617,9.0
1618,9.0
1619,9.0
1620,9.0
1621,9.0
1622,9.0
1623,9.0
1624,9.0
1625,9.0
1626,9.0
1627,9.0
1628,9.0
1629,9.0
1630,9.0
1631,9.0
1632,9.0
1633,9.0
1634,9.0
1635,9.0
1636,9.0
1637,9.0
1638,9.0
1639,9.0
1640,10.0
1641,10.0
1642,10.0
1643,10.0
1644,10.0
1645,10.0
1646,10.0
1647,10.0
1648,10.0
1649,10.0
1650,10.0
1651,10.0
1652,10.0
1653,10.0
1654,10.0
1655,10.0
1656,10.0
1657,10.0
1658,10.0
1659,10.0
1660,10.0
1661,10.0
1662,10.0
1663,10.0
1664,10.0
1665,10.0
1666,10.0
1667,10.0
1668,10.0
1669,10.0
1670,10.0
1671,10.0
1672,10.0
1673,10.0
1674,10.0
1675,10.0
1676,10.0
1677,10.0
1678,10.0
1679,10.0
1680,10.0
1681,10.0
1682,10.0
1683,10.0
1684,10.0
1685,10.0
1686,10.0
1687,10.0
1688,10.0
1689,10.0
1690,10.0
1691,10.0
1692,10.0
1693,10.0
1694,10.0
1695,10.0
1696,10.0
1697,10.0
1698,10.0
1699,10.0
1700,10.0
1701,10.0
1702,10.0
1703,10.0
1704,10.0
1705,10.0
1706,10.0
1707,10.0
1708,10.0
1709,10.0
1710,10.0
1711,10.0
1712,10.0
1713,10.0
1714,10.0
1715,10.0
1716,10.0
1717,10.0
1718,10.0
1719,10.0
1720,10.0
1721,10.0
1722,10.0
1723,10.0
1724,10.0
1725,10.0
1726,10.0
1727,10.0
1728,10.0
1729,10.0
1730,10.0
1731,10.0
1732,10.0
1733,10.0
1734,10.0
1735,10.0
1736,10.0
1737,10.0
1738,10.0
1739,10.0
1740,10.0
1741,10.0
1742,10.0
1743,10.0
1744,10.0
1745,10.0
1746,10.0
1747,11.0
1748,11.0
1749,11.0
1750,11.0
1751,11.0
1752,11.0
1753,11.0
1754,11.0
1755,11.0
1756,11.0
1757,11.0
1758,11.0
1759,11.0
1760,11.0
1761,11.0
1762,11.0
1763,11.0
1764,11.0
1765,11.0
1766,11.0
1767,11.0
1768,11.0
1769,11.0
1770,11.0
1771,11.0
1772,11.0
1773,11.0
1774,11.0
1775,11.0
1776,11.0
1777,11.0
1778,11.0
1779,11.0
1780,11.0
1781,11.0
1782,11.0
1783,11.0
1784,11.0
1785,11.0
1786,11.0
1787,11.0
1788,11.0
1789,11.0
1790,11.0
1791,11.0
1792,11.0
1793,11.0
1794,11.0
1795,11.0
1796,11.0
1797,11.0
1798,11.0
1799,11.0
1800,11.0
1801,11.0
1802,11.0
1803,11.0
1804,11.0
1805,11.0
1806,11.0
1807,11.0
1808,11.0
1809,11.0
1810,11.0
1811,11.0
1812,11.0
1813,11.0
1814,11.0
1815,11.0
1816,11.0
1817,11.0
1818,11.0
1819,11.0
1820,11.0
1821,11.0
1822,11.0
1823,11.0
1824,11.0
1825,11.0
1826,12.0
1827,12.0
1828,12.0
1829,12.0
1830,12.0
1831,12.0
1832,12.0
1833,12.0
1834,12.0
1835,12.0
1836,12.0
1837,12.0
1838,12.0
1839,12.0
1840,12.0
1841,12.0
1842,12.0
1843,12.0
1844,12.0
1845,12.0
1846,12.0
1847,12.0
1848,12.0
1849,12.0
1850,12.0
1851,12.0
1852,12.0
1853,12.0
1854,12.0
1855,12.0
1856,12.0
1857,12.0
1858,12.0
1859,12.0
1860,12.0
1861,12.0
1862,12.0
1863,12.0
1864,12.0
1865,12.0
1866,12.0
1867,12.0
1868,12.0
1869,12.0
1870,12.0
1871,12.0
1872,12.0
1873,12.0
1874,12.0
1875,12.0
1876,12.0
1877,12.0
1878,12.0
1879,12.0
1880,12.0
1881,12.0
1882,12.0
1883,12.0
1884,12.0
1885,12.0
1886,12.0
1887,12.0
1888,12.0
1889,12.0
1890,12.0
1891,12.0
1892,12.0
1893,12.0
1894,12.0
1895,12.0
1896,12.0
1897,12.0
1898,12.0
1899,12.0
1900,12.0
1901,12.0
1902,12.0
1903,12.0
1904,12.0
1905,12.0
1906,12.0
1907,12.0
1908,12.0
1909,12.0
1910,12.0
1911,12.0
1912,12.0
1913,12.0
1914,12.0
1915,12.0
1916,12.0
1917,12.0
1918,12.0
1919,12.0
1920,12.0
1921,12.0
1922,12.0
1923,12.0
1924,12.0
1925,12.0
1926,12.0
1927,12.0
1928,12.0
1929,12.0
1930,12.0
1931,12.0
1932,12.0
1933,12.0
1934,12.0
1935,12.0
1936,12.0
1937,12.0
1938,12.0
1939,12.0
1940,12.0
1941,12.0
1942,12.0
1943,12.0
1944,12.0
1945,12.0
1946,12.0
1947,12.0
1948,12.0
1949,12.0
1950,12.0
1951,12.0
1952,13.0
1953,13.0
1954,13.0
1955,13.0
1956,13.0
1957,13.0
1958,13.0
1959,13.0
1960,13.0
1961,13.0
1962,13.0
1963,13.0
1964,13.0
1965,13.0
1966,13.0
1967,13.0
1968,13.0
1969,13.0
1970,13.0
1971,13.0
1972,13.0
1973,13.0
1974,13.0
1975,13.0
1976,13.0
1977,13.0
1978,13.0
1979,13.0
1980,13.0
1981,13.0
1982,13.0
1983,13.0
1984,13.0
1985,13.0
1986,13.0
1987,13.0
1988,13.0
1989,13.0
1990,13.0
1991,13.0
1992,13.0
1993,13.0
1994,13.0
1995,13.0
1996,13.0
1997,13.0
1998,13.0
1999,13.0
2000,13.0
2001,13.0
2002,13.0
2003,13.0
2004,13.0
2005,13.0
2006,13.0
2007,13.0
2008,13.0
2009,13.0
2010,13.0
2011,13.0
2012,13.0
2013,13.0
2014,13.0
2015,13.0
2016,13.0
2017,13.0
2018,13.0
2019,13.0
2020,13.0
2021,13.0
2022,13.0
2023,13.0
2024,13.0
2025,13.0
2026,13.0
2027,13.0
2028,13.0
2029,13.0
2030,13.0
2031,13.0
2032,13.0
2033,13.0
2034,13.0
2035,13.0
2036,13.0
2037,13.0
2038,13.0
2039,13.0
2040,13.0
2041,13.0
2042,13.0
2043,13.0
2044,13.0
2045,13.0
2046,13.0
2047,13.0
2048,13.0
2049,13.0
2050,13.0
2051,13.0
2052,13.0
2053,13.0
2054,13.0
2055,13.0
2056,13.0
2057,13.0
2058,13.0
2059,13.0
2060,13.0
2061,13.0
2062,13.0
2063,13.0
2064,13.0
2065,13.0
2066,13.0
2067,13.0
2068,13.0
2069,13.0
2070,13.0
2071,13.0
2072,13.0
2073,13.0
2074,13.0
2075,13.0
2076,13.0
2077,13.0
2078,13.0
2079,13.0
2080,13.0
2081,13.0
2082,13.0
2083,13.0
2084,13.0
2085,13.0
2086,13.0
2087,13.0
2088,13.0
2089,13.0
2090,13.0
2091,13.0
2092,13.0
2093,14.0
2094,14.0
2095,14.0
2096,14.0
2097,14.0
2098,14.0
2099,14.0
2100,14.0
2101,14.0
2102,14.0
2103,14.0
2104,14.0
2105,14.0
2106,14.0
2107,14.0
2108,14.0
2109,14.0
2110,14.0
2111,14.0
2112,14.0
2113,14.0
2114,14.0
2115,14.0
2116,14.0
2117,14.0
2118,14.0
2119,14.0
2120,14.0
2121,14.0
2122,14.0
2123,14.0
2124,14.0
2125,14.0
2126,14.0
2127,14.0
2128,14.0
2129,14.0
2130,14.0
2131,14.0
2132,14.0
2133,14.0
2134,14.0
2135,14.0
2136,14.0
2137,14.0
2138,14.0
2139,14.0
2140,14.0
2141,14.0
2142,14.0
2143,14.0
2144,14.0
2145,14.0
2146,14.0
2147,14.0
2148,14.0
2149,14.0
2150,14.0
2151,14.0
2152,14.0
2153,14.0
2154,14.0
2155,14.0
2156,14.0
2157,14.0
2158,14.0
2159,14.0
2160,14.0
2161,14.0
2162,14.0
2163,14.0
2164,14.0
2165,14.0
2166,14.0
2167,14.0
2168,14.0
2169,14.0
2170,14.0
2171,14.0
2172,14.0
2173,14.0
2174,14.0
2175,14.0
2176,14.0
2177,14.0
2178,14.0
2179,14.0
2180,14.0
2181,14.0
2182,14.0
2183,14.0
2184,14.0
2185,14.0
2186,14.0
2187,14.0
2188,14.0
2189,14.0
2190,14.0
2191,14.0
2192,14.0
2193,14.0
2194,14.0
2195,14.0
2196,14.0
2197,14.0
2198,14.0
2199,14.0
2200,14.0
2201,14.0
2202,14.0
2203,14.0
2204,14.0
2205,14.0
2206,14.0
2207,14.0
2208,14.0
2209,14.0
2210,14.0
2211,14.0
2212,14.0
2213,14.0
2214,14.0
2215,14.0
2216,14.0
2217,14.0
2218,14.0
2219,14.0
2220,14.0
2221,14.0
2222,14.0
2223,14.0
2224,14.0
2225,14.0
2226,14.0
2227,14.0
2228,14.0
2229,14.0
2230,14.0
2231,14.0
2232,14.0
2233,14.0
2234,14.0
2235,14.0
2236,14.0
2237,15.0
2238,15.0
2239,15.0
2240,15.0
2241,15.0
2242,15.0
2243,15.0
2244,15.0
2245,15.0
2246,15.0
2247,15.0
2248,15.0
2249,15.0
2250,15.0
2251,15.0
2252,15.0
2253,15.0
2254,15.0
2255,15.0
2256,15.0
2257,15.0
2258,15.0
2259,15.0
2260,15.0
2261,15.0
2262,15.0
2263,15.0
2264,15.0
2265,15.0
2266,15.0
2267,15.0
2268,15.0
2269,15.0
2270,15.0
2271,15.0
2272,15.0
2273,15.0
2274,15.0
2275,15.0
2276,15.0
2277,15.0
2278,15.0
2279,15.0
2280,15.0
2281,15.0
2282,15.0
2283,15.0
2284,15.0
2285,15.0
2286,15.0
2287,15.0
2288,15.0
2289,15.0
2290,15.0
2291,15.0
2292,15.0
2293,15.0
2294,15.0
2295,15.0
2296,15.0
2297,15.0
2298,15.0
2299,15.0
2300,15.0
2301,15.0
2302,15.0
2303,15.0
2304,15.0
2305,15.0
2306,15.0
2307,15.0
2308,15.0
2309,15.0
2310,15.0
2311,15.0
2312,15.0
2313,15.0
2314,15.0
2315,15.0
2316,15.0
2317,15.0
2318,15.0
2319,15.0
2320,15.0
2321,15.0
2322,15.0
2323,15.0
2324,15.0
2325,15.0
2326,15.0
2327,15.0
2328,15.0
2329,15.0
2330,15.0
2331,15.0
2332,15.0
2333,15.0
2334,15.0
2335,15.0
2336,15.0
2337,15.0
2338,15.0
2339,15.0
2340,15.0
2341,15.0
2342,15.0
2343,15.0
2344,15.0
2345,15.0
2346,15.0
2347,15.0
2348,15.0
2349,15.0
2350,15.0
2351,15.0
2352,15.0
2353,15.0
2354,15.0
2355,15.0
2356,15.0
2357,15.0
2358,15.0
2359,15.0
2360,15.0
2361,15.0
2362,15.0
2363,15.0
2364,15.0
2365,15.0
2366,15.0
2367,15.0
2368,15.0
2369,15.0
2370,15.0
2371,15.0
2372,15.0
2373,15.0
2374,15.0
2375,15.0
2376,15.0
2377,15.0
2378,15.0
2379,15.0
2380,15.0
2381,15.0
2382,15.0
2383,15.0
